-- MySQL dump 10.13  Distrib 5.5.34, for debian-linux-gnu (i686)
--
-- Host: localhost    Database: carlos
-- ------------------------------------------------------
-- Server version	5.5.34-0ubuntu0.13.10.1

/*!40101 SET @OLD_CHARACTER_SET_CLIENT=@@CHARACTER_SET_CLIENT */;
/*!40101 SET @OLD_CHARACTER_SET_RESULTS=@@CHARACTER_SET_RESULTS */;
/*!40101 SET @OLD_COLLATION_CONNECTION=@@COLLATION_CONNECTION */;
/*!40101 SET NAMES utf8 */;
/*!40103 SET @OLD_TIME_ZONE=@@TIME_ZONE */;
/*!40103 SET TIME_ZONE='+00:00' */;
/*!40014 SET @OLD_UNIQUE_CHECKS=@@UNIQUE_CHECKS, UNIQUE_CHECKS=0 */;
/*!40014 SET @OLD_FOREIGN_KEY_CHECKS=@@FOREIGN_KEY_CHECKS, FOREIGN_KEY_CHECKS=0 */;
/*!40101 SET @OLD_SQL_MODE=@@SQL_MODE, SQL_MODE='NO_AUTO_VALUE_ON_ZERO' */;
/*!40111 SET @OLD_SQL_NOTES=@@SQL_NOTES, SQL_NOTES=0 */;

--
-- Table structure for table `categories`
--

DROP TABLE IF EXISTS `categories`;
/*!40101 SET @saved_cs_client     = @@character_set_client */;
/*!40101 SET character_set_client = utf8 */;
CREATE TABLE `categories` (
  `id` int(11) NOT NULL AUTO_INCREMENT,
  `sort` int(11) DEFAULT NULL,
  `name` varchar(140) NOT NULL,
  `description` text,
  `parent_id` int(11) DEFAULT NULL,
  `created` datetime DEFAULT NULL,
  `modified` datetime DEFAULT NULL,
  PRIMARY KEY (`id`)
) ENGINE=InnoDB AUTO_INCREMENT=48 DEFAULT CHARSET=latin1;
/*!40101 SET character_set_client = @saved_cs_client */;

--
-- Dumping data for table `categories`
--

LOCK TABLES `categories` WRITE;
/*!40000 ALTER TABLE `categories` DISABLE KEYS */;
INSERT INTO `categories` VALUES (31,NULL,'Profissional','descrevo minhas experiências profissionais.',NULL,'2014-03-06 00:41:58','2014-03-06 00:41:58'),(32,NULL,'Acadêmicos','Descrevo minhas palestras e obras acadêmicas ',NULL,'2014-03-06 00:47:56','2014-03-06 00:47:56'),(38,NULL,'Formação','Descrevo minha formação acadêmica.',NULL,'2014-03-06 00:52:45','2014-03-06 00:52:45'),(43,NULL,'Publicações','',NULL,'2014-03-06 01:15:20','2014-03-06 01:15:20'),(44,NULL,'Grupos de pesquisa','',NULL,'2014-03-06 01:15:41','2014-03-06 01:15:41'),(45,NULL,'Orientações','',NULL,'2014-03-06 01:16:02','2014-03-06 01:16:02'),(46,NULL,'Ensino','',NULL,'2014-03-06 01:16:19','2014-03-06 01:16:19'),(47,NULL,'Inicio','',NULL,'2014-03-06 01:33:57','2014-03-06 01:33:57');
/*!40000 ALTER TABLE `categories` ENABLE KEYS */;
UNLOCK TABLES;

--
-- Table structure for table `categories_contents`
--

DROP TABLE IF EXISTS `categories_contents`;
/*!40101 SET @saved_cs_client     = @@character_set_client */;
/*!40101 SET character_set_client = utf8 */;
CREATE TABLE `categories_contents` (
  `id` int(11) NOT NULL AUTO_INCREMENT,
  `category_id` int(11) DEFAULT NULL,
  `content_id` int(11) DEFAULT NULL,
  PRIMARY KEY (`id`)
) ENGINE=InnoDB AUTO_INCREMENT=48 DEFAULT CHARSET=latin1;
/*!40101 SET character_set_client = @saved_cs_client */;

--
-- Dumping data for table `categories_contents`
--

LOCK TABLES `categories_contents` WRITE;
/*!40000 ALTER TABLE `categories_contents` DISABLE KEYS */;
INSERT INTO `categories_contents` VALUES (22,31,17),(23,31,18),(24,31,19),(25,31,20),(26,38,21),(27,38,22),(28,38,23),(29,38,24),(30,32,25),(31,32,26),(32,32,27),(33,32,28),(34,32,29),(35,32,30),(36,32,31),(37,32,32),(38,32,33),(39,32,34),(40,32,35),(41,32,36),(42,32,37),(43,32,38),(44,32,39),(45,32,40),(46,32,41),(47,43,42);
/*!40000 ALTER TABLE `categories_contents` ENABLE KEYS */;
UNLOCK TABLES;

--
-- Table structure for table `contents`
--

DROP TABLE IF EXISTS `contents`;
/*!40101 SET @saved_cs_client     = @@character_set_client */;
/*!40101 SET character_set_client = utf8 */;
CREATE TABLE `contents` (
  `id` int(11) NOT NULL AUTO_INCREMENT,
  `title` varchar(140) NOT NULL,
  `subtitle` varchar(280) DEFAULT NULL,
  `description` text,
  `sort` int(11) DEFAULT NULL,
  `created` datetime DEFAULT NULL,
  `modified` datetime DEFAULT NULL,
  PRIMARY KEY (`id`)
) ENGINE=InnoDB AUTO_INCREMENT=43 DEFAULT CHARSET=latin1;
/*!40101 SET character_set_client = @saved_cs_client */;

--
-- Dumping data for table `contents`
--

LOCK TABLES `contents` WRITE;
/*!40000 ALTER TABLE `contents` DISABLE KEYS */;
INSERT INTO `contents` VALUES (17,'Empresa: GVT - Global Village Telecom','Cargo: Estagiário nível Superior','<div>Ramo: Telecomunica&ccedil;&atilde;oes</div>\r\n<div>Porte: Grande</div>\r\n<div>Fun&ccedil;&atilde;o: Testes de equipamentos em tecnologia Zhone, Milegate, CVX e UE3K. Aplica&ccedil;&atilde;o conhecimento de redes como comuta&ccedil;&atilde;o, ger&ecirc;ncia, links de ethernet e modems corporativos. Eletr&ocirc;nica e circuitos eletr&ocirc;nicos.</div>\r\n<div>Per&iacute;odo: 18 de Janeiro de 2012 &agrave; 15 de Dezembro de 2012</div>\r\n<div>Links Relacionados: <a href=\"http://www.blogger.com/www.gvt.com.br\">GVT</a></div>',NULL,'2014-03-06 00:42:47','2014-03-06 00:42:47'),(18,'Empresa: Banco HSBC','Cargo: Estagiário nível Superior','<p>Ramo: Banc&aacute;rio<br /> Porte: Grande<br /> Fun&ccedil;&atilde;o: <span id=\"SPELLING_ERROR_16\" class=\"blsp-spelling-error\">Atuar</span> como analista de <span id=\"SPELLING_ERROR_17\" class=\"blsp-spelling-error\">Help</span> <span id=\"SPELLING_ERROR_18\" class=\"blsp-spelling-error\">Desk</span>. Auxiliando as ag&ecirc;ncias banc&aacute;rias em todo territ&oacute;rio nacional na resolu&ccedil;&atilde;o de problemas de <span id=\"SPELLING_ERROR_19\" class=\"blsp-spelling-error\">hardwares</span> e <span id=\"SPELLING_ERROR_20\" class=\"blsp-spelling-error\">softwares</span>, reestabelecimento da comunica&ccedil;&atilde;o interna e abertura de chamados t&eacute;cnicos para empresas respons&aacute;veis pelos equipamentos. Auxilio a rede financeira Losango no atendimento de ocorr&ecirc;ncias de hardware e <span id=\"SPELLING_ERROR_21\" class=\"blsp-spelling-error\">softwares</span>. E para os centros <span id=\"SPELLING_ERROR_22\" class=\"blsp-spelling-error\">administrativos</span> <span id=\"SPELLING_ERROR_23\" class=\"blsp-spelling-error\">HSBC</span> e <span id=\"SPELLING_ERROR_24\" class=\"blsp-spelling-error\">GLTb</span> abertura de <span id=\"SPELLING_ERROR_25\" class=\"blsp-spelling-error\">tickts</span> de instala&ccedil;&atilde;o de <span id=\"SPELLING_ERROR_26\" class=\"blsp-spelling-error\">softwares</span> e <span id=\"SPELLING_ERROR_27\" class=\"blsp-spelling-error\">acionamentos</span> t&eacute;cnicos, al&eacute;m do esclarecimentos de pedidos de acessos internos.<br /> Per&iacute;odo: 03 de Novembro de 2009 &agrave; 30 de Setembro de 2011<br /> <span id=\"SPELLING_ERROR_28\" class=\"blsp-spelling-error\">Links</span> Relacionados: <a href=\"http://www.hsbc.com.br/1/2/\"><span id=\"SPELLING_ERROR_29\" class=\"blsp-spelling-error\">HSBC</span></a>, <a href=\"http://www2.losango.com.br/\">Losango</a>, <a href=\"http://www.hsbcglt.com.br/\"><span id=\"SPELLING_ERROR_30\" class=\"blsp-spelling-error\">GLTb</span></a></p>',NULL,'2014-03-06 00:44:19','2014-03-06 00:44:19'),(19,'Empresa: Siemens','Cargo: Efetivo com registro em carteira','<p>Ramo: <span id=\"SPELLING_ERROR_33\" class=\"blsp-spelling-error\">Telecomunica&ccedil;&otilde;es</span><br /> Porte: Grande<br /> Fun&ccedil;&atilde;o: Auxiliar de produ&ccedil;&atilde;o na &aacute;rea fabril da f&aacute;brica (Cidade Industrial), com <span id=\"SPELLING_ERROR_34\" class=\"blsp-spelling-error\">atividades</span> de organiza&ccedil;&atilde;o de <span id=\"SPELLING_ERROR_35\" class=\"blsp-spelling-error\">setup</span>\'s, opera&ccedil;&atilde;o de m&aacute;quinas <span id=\"SPELLING_ERROR_36\" class=\"blsp-spelling-error\">insersoras</span> de componente e fornos de solda e <span id=\"SPELLING_ERROR_37\" class=\"blsp-spelling-error\">resolda</span>, montagem de componentes <span id=\"SPELLING_ERROR_38\" class=\"blsp-spelling-error\">eletr&ocirc;nicos</span> em placas de circuito impresso, vistoria de qualidade de <span id=\"SPELLING_ERROR_39\" class=\"blsp-spelling-error\">PCI</span>\'s final e reparos necess&aacute;rios.<br /> Per&iacute;odo: Janeiro/2007 a Julho/2009<br /> <span id=\"SPELLING_ERROR_40\" class=\"blsp-spelling-error\">Links</span> Relacionados: <a href=\"http://www.siemens.com/entry/br/pt/\"><span id=\"SPELLING_ERROR_41\" class=\"blsp-spelling-error\">Siemens</span></a></p>',NULL,'2014-03-06 00:45:10','2014-03-06 00:45:10'),(20,'Empresa: INSS - Instituto Nacional de Seguro Social','Cargo: Estagiário nível Médio','<p>Ramo: Seguro e Pens&otilde;es<br /> Porte: Grande<br /> Fun&ccedil;&atilde;o: Atendimento aos assegurados no <span id=\"SPELLING_ERROR_43\" class=\"blsp-spelling-error\">setor</span> de <span id=\"SPELLING_ERROR_44\" class=\"blsp-spelling-error\">per&iacute;cias</span> m&eacute;dicas, atendimento <span id=\"SPELLING_ERROR_45\" class=\"blsp-spelling-error\">telef&ocirc;nico</span>, preenchimento de cadastros e opera&ccedil;&atilde;o de aplicativos de consulta.<br /> Per&iacute;odo: Abril/2005 a Setembro/2005<br /> <span id=\"SPELLING_ERROR_46\" class=\"blsp-spelling-error\">Links</span> Relacionados: <a href=\"http://www.previdenciasocial.gov.br/\"><span id=\"SPELLING_ERROR_47\" class=\"blsp-spelling-error\">INSS</span></a><br /> Certificados: <a href=\"https://docs.google.com/leaf?id=0B7VOXD6x875zYzE2ODhiYWYtYjY2MC00MjViLThmZWQtMDljNmE3NjIyMDdh&amp;hl=pt_BR\">Documento.<span id=\"SPELLING_ERROR_48\" class=\"blsp-spelling-error\">pdf</span></a></p>',NULL,'2014-03-06 00:45:42','2014-03-06 00:45:42'),(21,'Mestrado em Engenharia Elétrica Universidade Federal do Paraná - UFPR','Pós Graduação','<p>Orientador: Carlos M. Pedroso&nbsp;<img src=\"http://buscatextual.cnpq.br/buscatextual/images/curriculo/logolattes.gif\" alt=\"\" /><br /> Per&iacute;odo: 2013-2015</p>\r\n<div>Linha de pesquisa: Telecomunica&ccedil;&otilde;es<br /> &Aacute;rea de pesquisa: Redes, TV Digital, IPTV, VoD.</div>\r\n<p>Links Relacionados:&nbsp;<a href=\"http://www.ufpr.br/portalufpr/\">UFPR</a>,&nbsp;<a href=\"http://www.eletrica.ufpr.br/p/mestrado:inicial\">Mestrado Engenharia El&eacute;trica</a>,</p>',NULL,'2014-03-06 00:56:21','2014-03-06 01:01:19'),(22,'Engenharia de Computação - Pontíficia Universidade Católica do Paraná','Ensino Superior','<p>Per&iacute;odo: 2008-2012<br /> Status: Concluido</p>\r\n<div>Depend&ecirc;ncias: Nenhuma</div>\r\n<p>Links Relacionados: <a href=\"http://www.pucpr.br/\">PUCPR</a>, <a href=\"http://www.pucpr.br/graduacao/engcomputacao/\">Engenharia de Computa&ccedil;&atilde;o</a>, <a href=\"http://www.pucpr.br/graduacao/engcomputacao/estrutura.php5\">Estrutura Curricular</a><br /> </p>',NULL,'2014-03-06 00:58:10','2014-03-06 00:58:10'),(23,'Técnico em Mecatrônica - Pontíficia Universidade Católica do Paraná','Ensino Pós Médio Técnico','<p>Per&iacute;odo: 2&ordm; semestre 2007<br /> Status: Trancado/incompleto<br /> Links Relacionados: <a href=\"http://www.pucpr.br/\">PUCPR</a>, <a href=\"http://www.pucpr.br/tecnico/mecatronica/index.php\">T&eacute;cnico em Mecatr&ocirc;nica</a></p>',NULL,'2014-03-06 00:59:58','2014-03-06 00:59:58'),(24,'Ensino Médio - Colégio Estadual Arlindo Carvalho de Amorim','','<p><br /> Per&iacute;odo: 2004/2005/2006<br /> Status: Concluido</p>',NULL,'2014-03-06 01:02:58','2014-03-06 01:02:58'),(25,'Palestra: Desenvolvimento com Metodologias Ageis.','','<p>Palestrante: Dra. Ana Liddy Cenni de Castro Magalh&atilde;es<br /> X SBQS - Simb&oacute;sio Brasileiro de Qualidade de Software<br /> Institui&ccedil;&atilde;o: PUCPR<br /> Data: 10 de Junho de 2011</p>',NULL,'2014-03-06 01:04:19','2014-03-06 01:04:19'),(26,'Curso: Mainframe ','','<p>Institui&ccedil;&atilde;o: ULT - Grupo Am&eacute;ricas</p>\r\n<p>&nbsp;</p>\r\n<p>Ementa: </p>\r\n<ul>\r\n<li>\r\n<div align=\"justify\">Desenvolvimento e manuten&ccedil;&atilde;o de aplica&ccedil;&otilde;es no ambiente mainframe <span id=\"SPELLING_ERROR_1\" class=\"blsp-spelling-error\">batch</span> com conceitos b&aacute;sicos do sistema z/OS e seus componentes de hardware, fun&ccedil;&otilde;es utilit&aacute;rias do <span id=\"SPELLING_ERROR_2\" class=\"blsp-spelling-error\">TSO</span>/<span id=\"SPELLING_ERROR_3\" class=\"blsp-spelling-error\">ISPF</span> e <span id=\"SPELLING_ERROR_4\" class=\"blsp-spelling-error\">SDSF</span>, o processo de submiss&atilde;o, acompanhamento e verifica&ccedil;&atilde;o de um <span id=\"SPELLING_ERROR_5\" class=\"blsp-spelling-error\">Job</span>, estrutura geral de um <span id=\"SPELLING_ERROR_6\" class=\"blsp-spelling-error\">Job</span>, os principais elementos, comandos e par&acirc;metros da linguagem <span id=\"SPELLING_ERROR_7\" class=\"blsp-spelling-error\">JCL</span> (<span id=\"SPELLING_ERROR_8\" class=\"blsp-spelling-error\">Job</span> <span id=\"SPELLING_ERROR_9\" class=\"blsp-spelling-error\">Control</span> <span id=\"SPELLING_ERROR_10\" class=\"blsp-spelling-error\">Language</span>), <span id=\"SPELLING_ERROR_11\" class=\"blsp-spelling-error\">procedures</span> de <span id=\"SPELLING_ERROR_12\" class=\"blsp-spelling-error\">JCL</span>, <span id=\"SPELLING_ERROR_13\" class=\"blsp-spelling-error\">GDG</span> (<span id=\"SPELLING_ERROR_14\" class=\"blsp-spelling-error\">Generation</span> Data <span id=\"SPELLING_ERROR_15\" class=\"blsp-spelling-error\">Groups</span>), conceitos b&aacute;sicos da organiza&ccedil;&atilde;o de um arquivo <span id=\"SPELLING_ERROR_16\" class=\"blsp-spelling-error\">VSAM</span>, racioc&iacute;nio l&oacute;gico em linguagem de programa&ccedil;&atilde;o, manuten&ccedil;&atilde;o em programas escritos na linguagem COBOL em ambiente operacional mainframe. Utilit&aacute;rios de arquivos mais comuns do sistema z/OS, aprimoramento das t&eacute;cnicas de programa&ccedil;&atilde;o COBOL, conceitos b&aacute;sicos da Teoria Relacional, Banco de Dados, Relacional e integridade referencial, linguagem SQL (<span id=\"SPELLING_ERROR_17\" class=\"blsp-spelling-error\">DML</span>, <span id=\"SPELLING_ERROR_18\" class=\"blsp-spelling-error\">DDL</span> e <span id=\"SPELLING_ERROR_19\" class=\"blsp-spelling-error\">DCL</span>) para a manipula&ccedil;&atilde;o, acesso aos Bancos de Dados Relacionais, comandos SQL embutidos em programas COBOL, mecanismos de <span id=\"SPELLING_ERROR_20\" class=\"blsp-spelling-error\">Locking</span> das bases de dados <span id=\"SPELLING_ERROR_21\" class=\"blsp-spelling-error\">DB</span>2, estrutura e os <span id=\"SPELLING_ERROR_22\" class=\"blsp-spelling-error\">objetos</span> do <span id=\"SPELLING_ERROR_23\" class=\"blsp-spelling-error\">DB</span>2 para z/OS, <span id=\"SPELLING_ERROR_24\" class=\"blsp-spelling-error\">status</span> dos <span id=\"SPELLING_ERROR_25\" class=\"blsp-spelling-error\">objetos</span> <span id=\"SPELLING_ERROR_26\" class=\"blsp-spelling-error\">DB</span>2 para z/OS, ambiente <span id=\"SPELLING_ERROR_27\" class=\"blsp-spelling-error\">online</span> <span id=\"SPELLING_ERROR_28\" class=\"blsp-spelling-error\">CICS</span> e codificar, testar e depurar programas COBOL/<span id=\"SPELLING_ERROR_29\" class=\"blsp-spelling-error\">CICS</span>.</div>\r\n</li>\r\n</ul>\r\n<p>M&oacute;dulos: </p>\r\n<ul>\r\n<li>M&oacute;dulo I - Introdu&ccedil;&atilde;o ao Mainframe</li>\r\n<li>M&oacute;dulo II - COBOL</li>\r\n<li>M&oacute;dulo III - <span id=\"SPELLING_ERROR_30\" class=\"blsp-spelling-error\">CICS</span></li>\r\n<li>M&oacute;dulo IV - SQL/<span id=\"SPELLING_ERROR_31\" class=\"blsp-spelling-error\">DB</span>2</li>\r\n</ul>\r\n<p><br /> Carga Hor&aacute;ria: 120 Horas <br /> <span id=\"SPELLING_ERROR_32\" class=\"blsp-spelling-error\">Status:&nbsp;</span>Conclu&iacute;do<br /> <span id=\"SPELLING_ERROR_33\" class=\"blsp-spelling-corrected\">Per&iacute;odo</span>: Mar&ccedil;o/2011 &agrave; Dezembro/2011 <br /> <span id=\"SPELLING_ERROR_34\" class=\"blsp-spelling-error\">Links</span> Relacionados: <a href=\"http://www.ult.com.br/\"><span id=\"SPELLING_ERROR_35\" class=\"blsp-spelling-error\">ULT</span></a>, <a href=\"http://americas.com.br/\">Grupo Am&eacute;ricas</a>, <a href=\"http://www.ult.com.br/mainframe.php\">Mainframe</a></p>',NULL,'2014-03-06 01:05:20','2014-03-06 01:05:20'),(27,'Curso: Inglês - Instituição: Influx ','','<p>Per&iacute;odo: 06 de Agosto &agrave; 26 de Novembro de 2011 <br /> <span id=\"SPELLING_ERROR_37\" class=\"blsp-spelling-error\">Status: Conclu&iacute;do</span><br /> <span id=\"SPELLING_ERROR_38\" class=\"blsp-spelling-error\">Links</span> Relacionados: <a href=\"http://www.influx.com.br/\"><span id=\"SPELLING_ERROR_39\" class=\"blsp-spelling-error\">Influx</span></a> , <a href=\"http://www.blogger.com/www.inglesgarantido.com.br/\">Ingl&ecirc;s Garantido </a></p>',NULL,'2014-03-06 01:06:29','2014-03-06 01:06:29'),(28,'Curso: Fundamentos da Gestão de TI Instituição: FGV - Fundação Getúlio Vargas - E-learning ','','<p><span class=\"Apple-style-span\" style=\"-webkit-text-decorations-in-effect: none; color: black;\">Per&iacute;odo: 30 de Julho de 2011 </span><br /> <span class=\"Apple-style-span\" style=\"-webkit-text-decorations-in-effect: none; color: black;\"><span id=\"SPELLING_ERROR_43\" class=\"blsp-spelling-error\">Status</span>: <span id=\"SPELLING_ERROR_44\" class=\"blsp-spelling-corrected\">Conclu&iacute;do</span></span></p>\r\n<div style=\"color: black;\"><span class=\"Apple-style-span\" style=\"-webkit-text-decorations-in-effect: none; color: black;\">Carga <span id=\"SPELLING_ERROR_45\" class=\"blsp-spelling-corrected\">hor&aacute;ria</span>: 5 horas </span><br /> <span class=\"Apple-style-span\" style=\"-webkit-text-decorations-in-effect: none; color: black;\">Certificados: <a href=\"https://docs.google.com/viewer?a=v&amp;pid=explorer&amp;chrome=true&amp;srcid=0B7VOXD6x875zZjU5ZmM1Y2MtN2JjNS00ZGUyLWFjOWQtN2M3NDJlOWY5YjE2&amp;hl=pt_BR\">Documento.PDF</a></span></div>',NULL,'2014-03-06 01:07:19','2014-03-06 01:07:19'),(29,'Curso: Gerenciamento do Escopo de Projeto Instituição: FGV - Fundação Getúlio Vargas - E-learning ','','<p><span class=\"Apple-style-span\" style=\"-webkit-text-decorations-in-effect: none;\">Per&iacute;odo: 30 de Julho de 2011 </span><br /> <span class=\"Apple-style-span\" style=\"-webkit-text-decorations-in-effect: none;\"><span id=\"SPELLING_ERROR_51\" class=\"blsp-spelling-error\">Status</span>: <span id=\"SPELLING_ERROR_52\" class=\"blsp-spelling-corrected\">Conclu&iacute;do</span></span></p>\r\n<div style=\"color: black;\"><span class=\"Apple-style-span\" style=\"-webkit-text-decorations-in-effect: none;\">Carga <span id=\"SPELLING_ERROR_53\" class=\"blsp-spelling-corrected\">hor&aacute;ria</span>: 5 horas </span><br /> <span class=\"Apple-style-span\" style=\"-webkit-text-decorations-in-effect: none;\">Certificados:<a href=\"https://docs.google.com/viewer?a=v&amp;pid=explorer&amp;chrome=true&amp;srcid=0B7VOXD6x875zMGQ3NTE5MzUtZDU1ZS00MTNmLWJhOWEtMTg3ZWIzNDcyZTU2&amp;hl=pt_BR\">Documento.PDF</a></span></div>',NULL,'2014-03-06 01:07:57','2014-03-06 01:07:57'),(30,'Curso: Inglês Livro 3 Instituição: Influx ','','<p>Per&iacute;odo: 12 de Mar&ccedil;o &agrave; 02 de Julho de 2011 <br /> <span id=\"SPELLING_ERROR_55\" class=\"blsp-spelling-error\">Status</span>: <span id=\"SPELLING_ERROR_56\" class=\"blsp-spelling-corrected\">Conclu&iacute;do</span> <br /> <span id=\"SPELLING_ERROR_57\" class=\"blsp-spelling-error\">Links</span> Relacionados: <a href=\"http://www.influx.com.br/\"><span id=\"SPELLING_ERROR_58\" class=\"blsp-spelling-error\">Influx</span></a> , <a href=\"http://www.blogger.com/www.inglesgarantido.com.br/\">Ingl&ecirc;s Garantido </a>Certificados: <a href=\"https://docs.google.com/viewer?a=v&amp;pid=explorer&amp;chrome=true&amp;srcid=0B7VOXD6x875zZTA4NTg0NDYtOTYxZi00OTZiLTkyY2QtYzIxNDY5YzYxYjli&amp;hl=pt_BR\">Documento.PDF</a></p>',NULL,'2014-03-06 01:08:19','2014-03-06 01:08:19'),(31,'Curso: Introducing COBOL Instituição: Skill Port - E-learning HSBC ','','<p>Per&iacute;odo: Abril de 2011 <br /> <span id=\"SPELLING_ERROR_64\" class=\"blsp-spelling-error\">Status</span>: <span id=\"SPELLING_ERROR_65\" class=\"blsp-spelling-corrected\">Conclu&iacute;do</span></p>\r\n<div>Carga <span id=\"SPELLING_ERROR_66\" class=\"blsp-spelling-corrected\">Hor&aacute;ria</span>: 5 horasCertificados: <a href=\"https://docs.google.com/viewer?a=v&amp;pid=explorer&amp;chrome=true&amp;srcid=0B7VOXD6x875zNWMzOWI1ZWUtNzA3NC00M2QwLWI5ZDEtOGIwMmY5MDgzYzdj&amp;hl=pt_BR\">Documento.PDF</a>, <a href=\"https://docs.google.com/viewer?a=v&amp;pid=explorer&amp;chrome=true&amp;srcid=0B7VOXD6x875zMTM2ODc0YTItZmRkNS00MTNiLTk1ZTItOWJkYTdmMzcwM2Ux&amp;hl=pt_BR\">Rendimento</a></div>',NULL,'2014-03-06 01:08:41','2014-03-06 01:08:41'),(32,'Curso: Gerenciamento de projetos e obras complexas (fundamentos e aplicações) - Pontíficia Universidade Católica do Paraná - PUCPR','','<p>Carga Hor&aacute;ria: 16 Horas <br /> Ementa: </p>\r\n<ul>\r\n<li><span id=\"SPELLING_ERROR_71\" class=\"blsp-spelling-error\">Proporcionar</span> ao <span id=\"SPELLING_ERROR_72\" class=\"blsp-spelling-error\">profissional</span> uma vis&atilde;o pr&aacute;tica dos conhecimentos utilizados no <span id=\"SPELLING_ERROR_73\" class=\"blsp-spelling-error\">gerenciamento</span> de <span id=\"SPELLING_ERROR_74\" class=\"blsp-spelling-error\">projetos</span> e obras complexas, incluindo interfaces com clientes e ferramentas de suporte &agrave; aplica&ccedil;&atilde;o.</li>\r\n</ul>\r\n<p>Per&iacute;odo: 30 de Outubro e 06 de Novembro de 2010 <br /> <span id=\"SPELLING_ERROR_75\" class=\"blsp-spelling-error\">Status</span>: Conclu&iacute;do</p>',NULL,'2014-03-06 01:09:26','2014-03-06 01:09:26'),(33,'Curso: UNIX Introdução Instituição: Centro de Treinamento Interno HSBC ','','<p>Carga Hor&aacute;ria: 28 Horas <br /> Ementa: </p>\r\n<ul>\r\n<li>Introdu&ccedil;&atilde;o aos conceitos do UNIX</li>\r\n<li>Comandos b&aacute;sicos diversos</li>\r\n<li>Organiza&ccedil;&atilde;o e Comandos do Sistema de Arquivos</li>\r\n<li>Comandos para Manipula&ccedil;&atilde;o de Arquivos</li>\r\n<li>Permiss&otilde;es de Acesso &agrave; Arquivos e <span id=\"SPELLING_ERROR_78\" class=\"blsp-spelling-error\">Diret&oacute;rios</span></li>\r\n<li>Introdu&ccedil;&atilde;o ao Conceito do Shell</li>\r\n<li>Comandos do editor vi</li>\r\n<li>Caracteres Especiais do Shell</li>\r\n<li><span id=\"SPELLING_ERROR_79\" class=\"blsp-spelling-error\">Redirecionamento</span> da Entrada e Sa&iacute;da</li>\r\n<li><span id=\"SPELLING_ERROR_80\" class=\"blsp-spelling-error\">Pipelines</span> e Comandos Filtros</li>\r\n<li>Controle de Processos</li>\r\n</ul>\r\n<p>Per&iacute;odo: <br /> <span id=\"SPELLING_ERROR_81\" class=\"blsp-spelling-error\">Status</span>: Conclu&iacute;do <br /> <span id=\"SPELLING_ERROR_82\" class=\"blsp-spelling-error\">Links</span> Relacionados: <a href=\"http://pt.wikipedia.org/wiki/Unix\">Unix </a>Certificados: <a href=\"https://docs.google.com/viewer?a=v&amp;pid=explorer&amp;chrome=true&amp;srcid=0B7VOXD6x875zZDBmNGZhMGItYWUzYS00NWIwLWEyMDYtZDJjNGNmZDU0MTA0&amp;hl=pt_BR&amp;authkey=CKmvxdwL\">Documento.<span id=\"SPELLING_ERROR_83\" class=\"blsp-spelling-error\">pdf</span></a></p>',NULL,'2014-03-06 01:10:06','2014-03-06 01:10:06'),(34,'Curso: TSO Básico Instituição: Centro de Treinamento Interno HSBC ','','<p>Carga Hor&aacute;ria: 12 Horas <br /> Ementa: </p>\r\n<ul>\r\n<li>Processo de <span id=\"SPELLING_ERROR_87\" class=\"blsp-spelling-error\">Logon</span></li>\r\n<li>Fun&ccedil;&otilde;es do <span id=\"SPELLING_ERROR_88\" class=\"blsp-spelling-error\">ISPF</span>/PDF</li>\r\n<li>Comandos prim&aacute;rios e comandos de linha do <span id=\"SPELLING_ERROR_89\" class=\"blsp-spelling-error\">ISPF</span>/PDF</li>\r\n<li>Manipula&ccedil;&atilde;o dos conte&uacute;dos de arquivos <span id=\"SPELLING_ERROR_90\" class=\"blsp-spelling-error\">seq&uuml;enciais</span> e <span id=\"SPELLING_ERROR_91\" class=\"blsp-spelling-error\">particionados</span></li>\r\n<li>Utilit&aacute;rios do <span id=\"SPELLING_ERROR_92\" class=\"blsp-spelling-error\">ISPF</span>/PDF</li>\r\n<li>Submiss&atilde;o de <span id=\"SPELLING_ERROR_93\" class=\"blsp-spelling-error\">Job</span></li>\r\n<li>Acompanhamento de execu&ccedil;&atilde;o de um <span id=\"SPELLING_ERROR_94\" class=\"blsp-spelling-error\">Job</span></li>\r\n<li>Verifica&ccedil;&atilde;o o resultado de um <span id=\"SPELLING_ERROR_95\" class=\"blsp-spelling-error\">Job</span></li>\r\n</ul>\r\n<p><br /> Per&iacute;odo: <br /> <span id=\"SPELLING_ERROR_96\" class=\"blsp-spelling-error\">Status</span>: Conclu&iacute;do <br /> Certificados: <a href=\"https://docs.google.com/viewer?a=v&amp;pid=explorer&amp;chrome=true&amp;srcid=0B7VOXD6x875zZDVkYWZlMDItY2IzMS00NDY0LTlmY2MtNGY1Y2I4NjVkNGU3&amp;hl=pt_BR&amp;authkey=CIyS8MQG\">Documento.<span id=\"SPELLING_ERROR_97\" class=\"blsp-spelling-error\">pdf</span></a> </p>',NULL,'2014-03-06 01:10:32','2014-03-06 01:10:32'),(35,'Curso: ZOS Introdução Instituição: Centro de Treinamento Interno HSBC ','','<p>Carga Hor&aacute;ria: 8 Horas <br /> Ementa: </p>\r\n<ul>\r\n<li>Vis&atilde;o geral do <span id=\"SPELLING_ERROR_101\" class=\"blsp-spelling-error\">ZOS</span></li>\r\n<li>Os servi&ccedil;os de sistema do <span id=\"SPELLING_ERROR_102\" class=\"blsp-spelling-error\">ZOS</span></li>\r\n<li><span id=\"SPELLING_ERROR_103\" class=\"blsp-spelling-error\">Gerenciamento</span> de Dados</li>\r\n<li>Conceitos de <span id=\"SPELLING_ERROR_104\" class=\"blsp-spelling-error\">Address</span> <span id=\"SPELLING_ERROR_105\" class=\"blsp-spelling-error\">Spaces</span></li>\r\n<li>M&eacute;todos de Acesso</li>\r\n<li>Cat&aacute;logo do <span id=\"SPELLING_ERROR_106\" class=\"blsp-spelling-error\">ZOS</span></li>\r\n</ul>\r\n<p><br /> Per&iacute;odo: <br /> <span id=\"SPELLING_ERROR_107\" class=\"blsp-spelling-error\">Status</span>: Conclu&iacute;do <br /> <span id=\"SPELLING_ERROR_108\" class=\"blsp-spelling-error\">Links</span> Relacionados: <a href=\"http://pt.wikipedia.org/wiki/Z/OS\"><span id=\"SPELLING_ERROR_109\" class=\"blsp-spelling-error\">ZOS</span> </a>Certificados: <a href=\"https://docs.google.com/viewer?a=v&amp;pid=explorer&amp;chrome=true&amp;srcid=0B7VOXD6x875zZDk3ZTNhNDYtMTNhNi00NDAyLWFjZWQtYjhkZmNmZjQ4MWNj&amp;hl=pt_BR&amp;authkey=CLnfuQQ\">Documento.<span id=\"SPELLING_ERROR_110\" class=\"blsp-spelling-error\">pdf</span></a> <br /> </p>\r\n<hr />\r\n<p>&nbsp;</p>',NULL,'2014-03-06 01:10:57','2014-03-06 01:10:57'),(36,'Curso: Extensivo Inglês Pré Intermediario I Instituição: CELIN - Centro de Línguas e Interculturalida da UFPR ','','<p>Carga Hor&aacute;ria: 60 Horas <br /> <span id=\"SPELLING_ERROR_115\" class=\"blsp-spelling-error\">Status</span>: Conclu&iacute;do <br /> <span id=\"SPELLING_ERROR_116\" class=\"blsp-spelling-error\">Links</span> Relacionados: <a href=\"http://www.celin.ufpr.br/\"><span id=\"SPELLING_ERROR_117\" class=\"blsp-spelling-error\">CELIN</span></a>, <a href=\"http://www.ufpr.br/portal/\"><span id=\"SPELLING_ERROR_118\" class=\"blsp-spelling-error\">UFPR</span></a></p>',NULL,'2014-03-06 01:11:36','2014-03-06 01:11:36'),(37,'Curso: Extensivo Inglês Basic IV Instituição: CELIN - Centro de Línguas e Interculturalida da UFPR ','','<p>Carga Hor&aacute;ria: 60 Horas <br /> Per&iacute;odo: 10 de Mar&ccedil;o &agrave; 30 de Junho de 2007 <br /> <span id=\"SPELLING_ERROR_123\" class=\"blsp-spelling-error\">Status</span>: Conclu&iacute;do <br /> <span id=\"SPELLING_ERROR_124\" class=\"blsp-spelling-error\">Links</span> Relacionados: <a href=\"http://www.celin.ufpr.br/\"><span id=\"SPELLING_ERROR_125\" class=\"blsp-spelling-error\">CELIN</span></a>, <a href=\"http://www.ufpr.br/portal/\"><span id=\"SPELLING_ERROR_126\" class=\"blsp-spelling-error\">UFPR</span> </a>Certificados: <a href=\"https://docs.google.com/viewer?a=v&amp;pid=explorer&amp;chrome=true&amp;srcid=0B7VOXD6x875zMDE1MmUxY2UtNDg4Zi00MDY3LWE1ODMtZWQzODg2Mzk5NWYw&amp;hl=pt_BR\">Documento.<span id=\"SPELLING_ERROR_127\" class=\"blsp-spelling-error\">pdf</span></a> </p>',NULL,'2014-03-06 01:12:04','2014-03-06 01:12:04'),(38,'Curso: Intensivo Inglês Basic III Instituição: CELIN - Centro de Línguas e Interculturalida da UFPR ','','<p>Carga Hor&aacute;ria: 60 Horas <br /> <span id=\"SPELLING_ERROR_132\" class=\"blsp-spelling-error\">Status</span>: Conclu&iacute;do <br /> <span id=\"SPELLING_ERROR_133\" class=\"blsp-spelling-error\">Links</span> Relacionados: <a href=\"http://www.celin.ufpr.br/\"><span id=\"SPELLING_ERROR_134\" class=\"blsp-spelling-error\">CELIN</span></a>, <a href=\"http://www.ufpr.br/portal/\"><span id=\"SPELLING_ERROR_135\" class=\"blsp-spelling-error\">UFPR</span></a></p>',NULL,'2014-03-06 01:12:29','2014-03-06 01:12:29'),(39,'Curso: Extensivo Inglês Basic II Instituição: CELIN - Centro de Línguas e Interculturalida da UFPR ','','<p>Carga Hor&aacute;ria: 60 Horas <br /> Per&iacute;odo: 10 de Agosto &agrave; 30 de Novembro de 2006 <br /> <span id=\"SPELLING_ERROR_140\" class=\"blsp-spelling-error\">Status</span>: Conclu&iacute;do <br /> <span id=\"SPELLING_ERROR_141\" class=\"blsp-spelling-error\">Links</span> Relacionados: <a href=\"http://www.celin.ufpr.br/\"><span id=\"SPELLING_ERROR_142\" class=\"blsp-spelling-error\">CELIN</span></a>, <a href=\"http://www.ufpr.br/portal/\"><span id=\"SPELLING_ERROR_143\" class=\"blsp-spelling-error\">UFPR</span> </a>Certificados: <a href=\"https://docs.google.com/viewer?a=v&amp;pid=explorer&amp;chrome=true&amp;srcid=0B7VOXD6x875zOGM3NjNlNTYtMzYxMS00NTZjLWE4NzEtOTgxNDZmZjU0MWJh&amp;hl=pt_BR\">Documento.<span id=\"SPELLING_ERROR_144\" class=\"blsp-spelling-error\">pdf</span></a></p>',NULL,'2014-03-06 01:12:56','2014-03-06 01:12:56'),(40,'Curso: Intensivo Inglês Basic I Instituição: CELIN - Centro de Línguas e Interculturalida da UFPR ','','<p>Carga Hor&aacute;ria: 60 Horas <br /> Per&iacute;odo: 03 &agrave; 28 de Julho de 2006 <br /> <span id=\"SPELLING_ERROR_149\" class=\"blsp-spelling-error\">Status</span>: Conclu&iacute;do <br /> <span id=\"SPELLING_ERROR_150\" class=\"blsp-spelling-error\">Links</span> Relacionados: <a href=\"http://www.celin.ufpr.br/\"><span id=\"SPELLING_ERROR_151\" class=\"blsp-spelling-error\">CELIN</span></a>, <a href=\"http://www.ufpr.br/portal/\"><span id=\"SPELLING_ERROR_152\" class=\"blsp-spelling-error\">UFPR</span> </a>Certificados: <a href=\"https://docs.google.com/viewer?a=v&amp;pid=explorer&amp;chrome=true&amp;srcid=0B7VOXD6x875zMDQ3ZGM1MWEtMTQ5Yy00MTQyLThkMjctODM5MGM1Njg4Mzc4&amp;hl=pt_BR\">Documento.<span id=\"SPELLING_ERROR_153\" class=\"blsp-spelling-error\">pdf</span></a> </p>',NULL,'2014-03-06 01:13:18','2014-03-06 01:13:18'),(41,'Curso: Operador de serviços de montagem eletroeletrônica Instituição: Siemens/Formare - Certificação UTFPR ','','<p>Carga Hor&aacute;ria: 1.338 Horas <br /> Ementa: <br /> </p>\r\n<ul>\r\n<li><span id=\"SPELLING_ERROR_158\" class=\"blsp-spelling-error\">Atividade</span> de integra&ccedil;&atilde;o</li>\r\n<li>Comunica&ccedil;&atilde;o e Relacionamento</li>\r\n<li>Fundamenta&ccedil;&atilde;o Num&eacute;rica</li>\r\n<li>Higiene, sa&uacute;de e seguran&ccedil;a</li>\r\n<li>Inform&aacute;tica</li>\r\n<li>Organiza&ccedil;&atilde;o Industrial e Comercial</li>\r\n<li>Desenho <span id=\"SPELLING_ERROR_159\" class=\"blsp-spelling-error\">Eletromec&acirc;nico</span> e Medidas F&iacute;sicas</li>\r\n<li><span id=\"SPELLING_ERROR_160\" class=\"blsp-spelling-error\">Empreendedorismo</span></li>\r\n<li>Fundamentos de <span id=\"SPELLING_ERROR_161\" class=\"blsp-spelling-error\">Eletr&ocirc;nica</span> e Medidas <span id=\"SPELLING_ERROR_162\" class=\"blsp-spelling-error\">El&eacute;tricas</span></li>\r\n<li>Gest&atilde;o e <span id=\"SPELLING_ERROR_163\" class=\"blsp-spelling-error\">Logistica</span> de Produ&ccedil;&atilde;o</li>\r\n<li>Ingl&ecirc;s</li>\r\n<li>Espanhol</li>\r\n<li>Produ&ccedil;&atilde;o e Montagem de placas <span id=\"SPELLING_ERROR_164\" class=\"blsp-spelling-error\">Eletr&ocirc;nicas</span></li>\r\n<li>Qualidade e Meio Ambiente</li>\r\n<li>Tecnologia de Automa&ccedil;&atilde;o da Produ&ccedil;&atilde;o</li>\r\n<li>Tecnologia de Montagem <span id=\"SPELLING_ERROR_165\" class=\"blsp-spelling-error\">Eletromec&acirc;nica</span></li>\r\n<li>Pr&aacute;tica <span id=\"SPELLING_ERROR_166\" class=\"blsp-spelling-error\">Profissional</span>/Est&aacute;gio</li>\r\n</ul>\r\n<p>Per&iacute;odo: Novembro/2005 &agrave; <span id=\"SPELLING_ERROR_167\" class=\"blsp-spelling-error\">Setebro</span>/2006 <br /> <span id=\"SPELLING_ERROR_168\" class=\"blsp-spelling-error\">Status</span>: Conclu&iacute;do <br /> <span id=\"SPELLING_ERROR_169\" class=\"blsp-spelling-error\">Links</span> Relacionados: <a href=\"http://www.formare.org.br/\"><span id=\"SPELLING_ERROR_170\" class=\"blsp-spelling-error\">Formare</span></a>, <a href=\"http://www.blogger.com/www.siemens.com.br\"><span id=\"SPELLING_ERROR_171\" class=\"blsp-spelling-error\">Siemens</span></a>, <a href=\"http://www.blogger.com/www.utfpr.edu.br/\"><span id=\"SPELLING_ERROR_172\" class=\"blsp-spelling-error\">UTFPR</span></a>, <a href=\"http://www.fiochpe.org.br/\">Funda&ccedil;&atilde;o <span id=\"SPELLING_ERROR_173\" class=\"blsp-spelling-error\">Iochpe</span> </a>Certificados: <a href=\"https://docs.google.com/viewer?a=v&amp;pid=explorer&amp;chrome=true&amp;srcid=0B7VOXD6x875zMTg5YmM1MDgtYjdjNS00MDk5LTliNmEtYzlmNDhjMjJmNTM5&amp;hl=pt_BR\">Documento.<span id=\"SPELLING_ERROR_174\" class=\"blsp-spelling-error\">pdf</span> </a>, <a href=\"https://docs.google.com/viewer?a=v&amp;pid=explorer&amp;chrome=true&amp;srcid=0B7VOXD6x875zMDMyNmY4MjktMDQzYS00YmNmLTg3NzAtNmY3ZjFlMGRiYjRm&amp;hl=pt_BR\">Aproveitamento.<span id=\"SPELLING_ERROR_175\" class=\"blsp-spelling-error\">pdf</span></a> </p>',NULL,'2014-03-06 01:13:46','2014-03-06 01:13:46'),(42,'Projetos e encontros','','<p><span style=\"color: #0000ee; font-weight: bold; text-decoration: underline;\">Projeto de Conclus&atilde;o de Curso TCC</span><br /> <span style=\"color: #0000ee; font-weight: bold; text-decoration: underline;\"><br /></span></p>\r\n<div>\r\n<div>Per&iacute;odo: 9&ordm; e 10&ordm; Per&iacute;odo - 2012<br /> Disciplina: Projeto de Conclus&atilde;o de Curso I e II<br /> Orientadores: Professor MSc Afonso Ferreira Miguel&nbsp;<a href=\"http://lattes.cnpq.br/1825643278053200\"><img src=\"http://buscatextual.cnpq.br/buscatextual/images/curriculo/logolattes.gif\" alt=\"\" /></a><br /> Projeto: Sistema de Automa&ccedil;&atilde;o Residencial em Rede ZigBee<br />\r\n<div style=\"text-align: justify;\"><span class=\"Apple-style-span\" style=\"line-height: 18px;\">Objetivo:&nbsp;</span><span style=\"font-family: Times, Times New Roman, serif; text-indent: 35.4pt;\">O sistema possui uma central de controle baseada na plataforma FriendlyARM Tiny2440, que funciona como um concentrador a ser montado na parede da resid&ecirc;ncia. O Tiny2440 envia comandos de controle e/ou recebe informa&ccedil;&atilde;o das unidades controladas atrav&eacute;s de comunica&ccedil;&atilde;o via &ldquo;ZigBee&rdquo;. As unidades de hardwares desenvolvidas s&atilde;o descritas a seguir:</span><br /> <span style=\"font-family: Times, Times New Roman, serif;\"><br /></span> <br />\r\n<ul>\r\n<li><span style=\"background-color: white; font-family: Times, Times New Roman, serif; text-indent: -18pt;\">Ilumina&ccedil;&atilde;o ON/OFF - desenvolvimento de hardware e firmware para o controle on/off de ilumina&ccedil;&atilde;o.</span></li>\r\n<li><span style=\"background-color: white; font-family: Times, Times New Roman, serif; text-indent: -18pt;\">Ilumina&ccedil;&atilde;o \"dimmerizada\" - desenvolvimento de hardware e firmware para controle de n&iacute;vel de ilumina&ccedil;&atilde;o.</span></li>\r\n<li><span style=\"background-color: white; font-family: Times, Times New Roman, serif; text-indent: -18pt;\">Alarme de intrus&atilde;o - desenvolvimento de hardware e firmware para detec&ccedil;&atilde;o de intrus&atilde;o utilizando sensores.</span></li>\r\n<li><span style=\"background-color: white; font-family: Times, Times New Roman, serif; line-height: 115%;\">Alarme sirene &ndash; desenvolvimento de hardware e firmware para o acionamento da sirene de alarme.</span></li>\r\n</ul>\r\n</div>\r\n</div>\r\n<div style=\"text-align: center;\"><br /> &nbsp;&nbsp;</div>\r\n</div>\r\n<p><iframe style=\"display: block; margin-left: auto; margin-right: auto;\" src=\"http://www.youtube.com/embed/PnN7qhoIdgI\" width=\"425\" height=\"350\"></iframe>&nbsp;</p>\r\n<hr />\r\n<p><br /> <br /> <strong><a href=\"http://www.blogger.com/blogger.g?blogID=9154668722829769211\" name=\"Computa&ccedil;&atilde;o Gr&aacute;fica\">Computa&ccedil;&atilde;o Gr&aacute;fica</a></strong></p>\r\n<div>Per&iacute;odo: 9&ordm; Per&iacute;odo - 2012<br /> Disciplina: Computa&ccedil;&atilde;o Gr&aacute;fica<br /> Orientador: Luiz Pav&atilde;o, Msc&nbsp;<a href=\"http://lattes.cnpq.br/8352939562536299\"><img src=\"http://buscatextual.cnpq.br/buscatextual/images/curriculo/logolattes.gif\" alt=\"\" /></a><br /> Projeto: Imagem Controle Remoto Gr&aacute;fico<br />\r\n<div style=\"text-align: justify;\">Objetivo: Usando software gr&aacute;fico Moray V3.5 criar imagem que possua s&oacute;lidos, CSG, layers, texturas, etc. Exportar para indexador Pov-Ray, renderizar e criar anima&ccedil;&atilde;o que explore as propriedades da imagem.</div>\r\n<div style=\"text-align: justify;\">&nbsp;</div>\r\n<div style=\"text-align: justify;\"><iframe style=\"display: block; margin-left: auto; margin-right: auto;\" src=\"http://www.youtube.com/embed/p9hww4Wk1B8\" width=\"425\" height=\"350\"></iframe><br />\r\n<div style=\"text-align: center;\">&nbsp;</div>\r\n<div style=\"text-align: left;\"><span style=\"text-align: -webkit-auto;\">Links Relacionados:&nbsp;</span><a style=\"text-align: -webkit-auto;\" href=\"http://www.youtube.com/watch?v=p9hww4Wk1B8\">YouTube</a></div>\r\n</div>\r\n<hr /><strong><a href=\"http://www.blogger.com/blogger.g?blogID=9154668722829769211\" name=\"Engenharia de Software\">Engenharia de Software</a></strong><br />\r\n<div>&nbsp;</div>\r\n<div style=\"text-align: justify;\">A disciplina de Engenharia de Software &eacute; uma &aacute;rea da computa&ccedil;&atilde;o voltada para especifica&ccedil;&atilde;o, desenvolvimento e manuten&ccedil;&atilde;o de sistemas de software aplicando tecnologias e ferramentas de gerencia de projetos. Com objetivos orientados a organiza&ccedil;&atilde;o, produtividade e qualidade. No quarto ano do curso de Engenharia da Computa&ccedil;&atilde;o o aluno &eacute; capacitado a vivenciar na pr&aacute;tica a avalia&ccedil;&atilde;o do ciclo de desenvolvimento de softwares, definir os requisitos de um projeto, desenvolver estudos de viabilidade, elaborar documentos de arquitetura, criar planos de verifica&ccedil;&atilde;o e valida&ccedil;&atilde;o atrav&eacute;s de testes, descrever modelos de processos de maturidade (CMMI &amp; MPS.BR), e outros temas correlacionados.</div>\r\n<div style=\"text-align: justify;\">Para auxiliar os futuros engenheiros, s&atilde;o aplicados trabalhos te&oacute;ricos para absor&ccedil;&atilde;o dos aspectos mais consistentes na Engenharia de Software.</div>\r\n<div><br />\r\n<div>Per&iacute;odo: 7&ordm; Per&iacute;odo - 2011<br /> Disciplina: Engenharia de Software I<br /> Professora Dra. Sheila dos Santos Reinehr&nbsp;<a href=\"http://lattes.cnpq.br/8130292521370915\"><img src=\"http://buscatextual.cnpq.br/buscatextual/images/curriculo/logolattes.gif\" alt=\"\" /></a><br /> Projeto: Estudo de Viabilidade</div>\r\n<div style=\"text-align: justify;\">Objetivo: Elaborar um estudo baseado em um projeto de software e/ou hardware criado pelos alunos. Fazer analise do diagn&oacute;stico atual de mercado, levantar requisitos, abordar os benef&iacute;cios, custos e riscos do projeto, desenvolver um cronograma evolutivo do projeto.</div>\r\n<div style=\"text-align: justify;\">Anexos: <a href=\"https://docs.google.com/viewer?a=v&amp;pid=explorer&amp;chrome=true&amp;srcid=0B7VOXD6x875zZTA4OGE2YzUtNTI1My00Yzc1LTg2MmMtN2M0YmZmYjc1ZWM5&amp;hl=pt_BR\"><strong>Proposta do Projeto</strong></a>, <strong><a href=\"https://docs.google.com/viewer?a=v&amp;pid=explorer&amp;chrome=true&amp;srcid=0B7VOXD6x875zNjc2Y2MxMjItMzM4My00YzA0LTk0NzEtZDFkMGU4ZjY2NmQ1&amp;hl=pt_BR\">Modelo Estudo de Viabilidade</a></strong></div>\r\n<div>&nbsp;</div>\r\n<div>Per&iacute;odo: 7&ordm; Per&iacute;odo - 2011<br /> Disciplina: Engenharia de Software I<br /> Professora Dra. Sheila dos Santos Reinehr&nbsp;<a href=\"http://lattes.cnpq.br/8130292521370915\"><img src=\"http://buscatextual.cnpq.br/buscatextual/images/curriculo/logolattes.gif\" alt=\"\" /></a><br /> Projeto: Documento de Arquitetura de Software</div>\r\n<div style=\"text-align: justify;\">Objetivo: Desenvolver a documento de arquitetura do projeto desenvolvido. Constitu&iacute;do de um modelo ambiental: diagrama de contexto/lista de eventos e modelo comportamenta: DFD Individual de resposta aos eventos/DFD Detalhado de resposta aos eventos/Dicion&aacute;rio de dados/Modelo l&oacute;gico de dados/Diagrama de transi&ccedil;&atilde;o de estados/Especifica&ccedil;&atilde;o dos processos. Al&eacute;m do prot&oacute;tipo do sistema e manual de uso do usu&aacute;rio.</div>\r\n<div style=\"text-align: justify;\">Anexos: <strong><a href=\"https://docs.google.com/viewer?a=v&amp;pid=explorer&amp;chrome=true&amp;srcid=0B7VOXD6x875zZDJhYmQ4YWUtY2Q2Ny00YjEzLTljYzctNDI0ODhjN2VjM2U5&amp;hl=pt_BR\">Documento de Arquitetura</a>, <a href=\"https://docs.google.com/viewer?a=v&amp;pid=explorer&amp;chrome=true&amp;srcid=0B7VOXD6x875zZjNlNzhjYzUtNzQ4MC00NzNmLThhYmEtYTEwNGI2YjRjZGRk&amp;hl=pt_BR\">Anexos</a>, <a href=\"https://docs.google.com/viewer?a=v&amp;pid=explorer&amp;chrome=true&amp;srcid=0B7VOXD6x875zYjk4MTFmNDYtOTM1NC00MGU5LWI1MGQtOWM1NjYwYTRkOWYx&amp;hl=pt_BR\">Diagrama de Contexto</a>, <a href=\"https://docs.google.com/viewer?a=v&amp;pid=explorer&amp;chrome=true&amp;srcid=0B7VOXD6x875zMmIzMTAzNGYtNDY1ZC00YmY3LTg1M2QtNmZhYzFjMTc2MDVk&amp;hl=pt_BR\">Diagrama L&oacute;gico</a>, <a href=\"https://docs.google.com/viewer?a=v&amp;pid=explorer&amp;chrome=true&amp;srcid=0B7VOXD6x875zMzE1ZWRhNTgtN2Y1Zi00MWU0LTkwOGMtZmI3NTVmN2MzODll&amp;hl=pt_BR\">Manual C3I</a>.</strong></div>\r\n<div>&nbsp;</div>\r\n<div>Per&iacute;odo: 8&ordm; Per&iacute;odo - 2011<br /> Disciplina: Engenharia de Software II<br /> Professora Dra. Sheila dos Santos Reinehr&nbsp;<a href=\"http://lattes.cnpq.br/8130292521370915\"><img src=\"http://buscatextual.cnpq.br/buscatextual/images/curriculo/logolattes.gif\" alt=\"\" /></a><br /> Projeto: Plano de Testes</div>\r\n<div style=\"text-align: justify;\">Objetivo: Elaborar um plano de testes para o projeto elaborado anteriormente. Objetivar e definir as condi&ccedil;&otilde;es de testes, elaborar os testes para os requisitos funcionais e n&atilde;o funcionais e caracterizar um estado de caso utilizando uma ferramenta de qualidade (diagrama de Pareto).</div>\r\n<div style=\"text-align: justify;\">Anexos: <strong><a href=\"https://docs.google.com/viewer?a=v&amp;pid=explorer&amp;chrome=true&amp;srcid=0B7VOXD6x875zMDdlOGQ1NWMtNjI5ZS00NTk4LTg1ZDMtZDQ3NWE4ZGE3MjQ4&amp;hl=pt_BR\">Documento Plano de Teste</a></strong></div>\r\n<div>&nbsp;</div>\r\n<div>Per&iacute;odo: 8&ordm; Per&iacute;odo - 2011<br /> Disciplina: Engenharia de Software II<br /> Professora Dra. Sheila dos Santos Reinehr&nbsp;<a href=\"http://lattes.cnpq.br/8130292521370915\"><img src=\"http://buscatextual.cnpq.br/buscatextual/images/curriculo/logolattes.gif\" alt=\"\" /></a><br /> Projeto: Defini&ccedil;&atilde;o de Processo</div>\r\n<div>\r\n<div style=\"text-align: justify;\">Objetivo: Definir um processo baseado em modelos de maturidade existentes (PP - Project Planning do modelo de maturidade CMMI e GPR - Gerencia de Projetos do modelo brasileiro MPS.BR). O processo definido deve ajudar a uma empresa (FaBrik - nome fict&iacute;cio) a melhorar o processo de desenvolvimentos de Planos de Projetos utilizando os modelos de maturidade mencionados anteriormente. Contextualizando as atividades correlacionadas entre os modelos, elaborar o fluxograma do processo, definir os passo a passo das atividades, descrever os papeis dos envolvidos e mencionar as ferramentas utilizada. Elaborar os templates que ser&atilde;o utilizados pela FaBrik em seu cotidiano, afim de buscar melhoria continua em seus processos internos.</div>\r\n<div style=\"text-align: justify;\">Anexos: <strong><a href=\"https://docs.google.com/viewer?a=v&amp;pid=explorer&amp;chrome=true&amp;srcid=0B7VOXD6x875zOTk1YjE4NmYtMmI2NC00ZGJhLTg4NGUtMDcwYzUxZDZlYzhk&amp;hl=pt_BR\">Modelo Espefici&ccedil;&atilde;o de Processo</a>, <a href=\"https://docs.google.com/viewer?a=v&amp;pid=explorer&amp;chrome=true&amp;srcid=0B7VOXD6x875zNDM1NWFkNWYtZjhlZi00OTczLTkxNzEtZjgzNTc0ZjJjMjBj&amp;hl=pt_BR\">Fluxo do Processo</a>, <a href=\"https://docs.google.com/viewer?a=v&amp;pid=explorer&amp;chrome=true&amp;srcid=0B7VOXD6x875zYzlmYjBjNzUtMWU4YS00NGE2LThmMWItMDcyZWQxNDZmNmM4&amp;hl=pt_BR\">Template_PlanoProjeto</a>, <a href=\"https://docs.google.com/viewer?a=v&amp;pid=explorer&amp;chrome=true&amp;srcid=0B7VOXD6x875zZGVmYWQyZmEtYTBkMC00N2VhLWFmMTQtMGUxOTc4YzNiNGVk&amp;hl=pt_BR\">Template_Lista de Requisitos,</a> <a href=\"https://docs.google.com/viewer?a=v&amp;pid=explorer&amp;chrome=true&amp;srcid=0B7VOXD6x875zOWZlZGI1OTctOWM2ZC00ZDBiLWJlM2MtYmIyMDZiMjdlOTcz&amp;hl=pt_BR\">Template_Plano de Estimativas</a>, <a href=\"https://docs.google.com/viewer?a=v&amp;pid=explorer&amp;chrome=true&amp;srcid=0B7VOXD6x875zZTAwYmRmMDgtOGI5NC00ZThkLWI4OWUtY2RmNGIyZjU2Yzg4&amp;hl=pt_BR\">Template_Cronograma</a>, <a href=\"https://docs.google.com/viewer?a=v&amp;pid=explorer&amp;chrome=true&amp;srcid=0B7VOXD6x875zODRlOGNmNTUtMGE5My00OGU3LWE3Y2QtM2M0NGNlNGMxMGQw&amp;hl=pt_BR\">Template_Or&ccedil;amento</a>.</strong></div>\r\n<div style=\"text-align: justify;\"><strong>&nbsp;</strong></div>\r\n<hr /><strong><a href=\"http://www.blogger.com/blogger.g?blogID=9154668722829769211\" name=\"Voip - Voz sobre IP\"><br /></a></strong></div>\r\n<div><strong><a href=\"http://www.blogger.com/blogger.g?blogID=9154668722829769211\" name=\"Voip - Voz sobre IP\">Voip - Voz sobre IP</a></strong></div>\r\n<div>Per&iacute;odo: 8&ordm; Per&iacute;odo - 2011<br /> Disciplina: Redes de Computadores II<br /> Professor Dr. Carlos Marcelo Pedroso&nbsp;<a href=\"http://lattes.cnpq.br/0741759135970657\" target=\"_blank\"><img src=\"http://buscatextual.cnpq.br/buscatextual/images/curriculo/logolattes.gif\" alt=\"\" /></a><br /> Projeto: Desafio de Voip - Voz sobre IP</div>\r\n<div style=\"text-align: justify;\">Objetivo: Configurar servidor baseado em protocolo SIP para conex&atilde;o entre usu&aacute;rios atrav&eacute;s do Asterisk. Permitir que usu&aacute;rios (ramais) possam ser criados e autenticados. Fazer liga&ccedil;&otilde;es em IP pelos ramais atrav&eacute;s de softfones (X-lite 4) configurados.</div>\r\n<div>Anexo: <strong><a href=\"https://docs.google.com/viewer?a=v&amp;pid=explorer&amp;chrome=true&amp;srcid=0B7VOXD6x875zZTc4M2QyYjYtOWQ3Yy00NWYxLTk5ZWItOWYxNTVhYjFjY2M1&amp;hl=pt_BR\">Relat&oacute;rio</a></strong></div>\r\n<div>&nbsp;</div>\r\n<div><hr /><strong><a href=\"http://www.blogger.com/blogger.g?blogID=9154668722829769211\" name=\"Projetos Acad&ecirc;micos\"><br /></a></strong></div>\r\n<div><strong><a href=\"http://www.blogger.com/blogger.g?blogID=9154668722829769211\" name=\"Projetos Acad&ecirc;micos\">Projetos Acad&ecirc;micos</a></strong><br /> <br />\r\n<div style=\"text-align: justify;\">Ao longo do segundo, terceiro e quarto ano do curso de Engenharia da Computa&ccedil;&atilde;o &eacute; obrigat&oacute;rio o desenvolvimento de projetos integrados. Esses projetos tem como objetivo abordar o conteudo te&oacute;rico na pratica profissional dos alunos. A seguir ser&atilde;o mostrado os projetos que tive minha participa&ccedil;&atilde;o efetiva no desenvolvimento das mesmas.</div>\r\n<br />\r\n<div>\r\n<div>Per&iacute;odo: 8&ordm; Per&iacute;odo - 2011<br /> Disciplina: Eletr&ocirc;nica IV<br /> Orientadores: Professor Guilherme Nogueira&nbsp;<a href=\"http://lattes.cnpq.br/9185638358501479\"><img src=\"http://buscatextual.cnpq.br/buscatextual/images/curriculo/logolattes.gif\" alt=\"\" /></a><br /> Projeto: SICI - Seguran&ccedil;a Industrial Contra Inc&ecirc;ndios<br />\r\n<div style=\"text-align: justify;\"><span class=\"Apple-style-span\" style=\"line-height: 18px;\">Objetivo: Desenvolver um sistema capaz de identificar &agrave; fuma&ccedil;a em um ambiente atrav&eacute;s de sensores, processar o sinal dos sensores, e se for constatado presen&ccedil;a de fuma&ccedil;a no ambiente, o sistema dever&aacute; atuar ligando uma bateria de exautores a fim de minimizar a fuma&ccedil;a contida no ambiente e atuar ligando um sistema de ilumina&ccedil;&atilde;o de seguran&ccedil;a, capaz de mostrar o caminho da sa&iacute;da as pessoas, a fim de somente a equipe de brigadistas estar presente no local para o combate ao inc&ecirc;ndio.</span></div>\r\n</div>\r\n<div><span class=\"Apple-style-span\">&nbsp;<iframe style=\"display: block; margin-left: auto; margin-right: auto;\" src=\"http://www.youtube.com/embed/1bTNhoINWMk\" width=\"425\" height=\"350\"></iframe></span></div>\r\n<div style=\"text-align: center;\">&nbsp;</div>\r\n<div style=\"text-align: center;\">&nbsp;</div>\r\n<div>Links Relacionados: <a href=\"http://www.youtube.com/watch?v=1bTNhoINWMk\">YouTube</a> , <a href=\"https://docs.google.com/viewer?a=v&amp;pid=explorer&amp;chrome=true&amp;srcid=0B7VOXD6x875zYjQxZDcwZWUtZWQwNi00ODQxLTllMDUtODk2OWJjMjM4YmQ0&amp;hl=pt_BR\">Documenta&ccedil;&atilde;o</a></div>\r\n<div>&nbsp;</div>\r\n</div>\r\n<div>&nbsp;</div>\r\n<div>Per&iacute;odo: 7&ordm; Per&iacute;odo - 2011<br /> Disciplina: Eletr&ocirc;nica III<br /> Orientadores: Professor Dr. Percy Nohama&nbsp;<a href=\"http://lattes.cnpq.br/5055126579468463\"><img src=\"http://buscatextual.cnpq.br/buscatextual/images/curriculo/logolattes.gif\" alt=\"\" /></a><br /> Projeto: Mesa Did&aacute;tica para Amplificadores Operacionais<br />\r\n<div style=\"text-align: justify;\">Objetivo: <span class=\"Apple-style-span\">O TTOP (Table Test Op Amp) tem como principais est&aacute;gios o seu funcionamento, desenvolvimento e constru&ccedil;&atilde;o. O TTOP ser&aacute; desenvolvido de forma que possibilite o usu&aacute;rio verificar funcionalidades de diversos tipos configura&ccedil;&otilde;es de amplificadores operacionais. Ser&aacute; implementado sa&iacute;das que demonstram amplificadores operacionais na configura&ccedil;&atilde;o inversor, n&atilde;o-inversor, somador, diferenciador e integrador, que possibilitam a regula&ccedil;&atilde;o da tens&atilde;o e ganho de sa&iacute;da.</span></div>\r\n</div>\r\n<div>&nbsp;</div>\r\n<div><span class=\"Apple-style-span\"><iframe style=\"display: block; margin-left: auto; margin-right: auto;\" src=\"http://www.youtube.com/embed/EdnDVfjqFfU\" width=\"425\" height=\"350\"></iframe>&nbsp;</span></div>\r\n<div style=\"text-align: center;\">&nbsp;</div>\r\n<div>Links Relacionados: <a href=\"http://www.youtube.com/watch?v=EdnDVfjqFfU\">YouTube</a> , <a href=\"https://docs.google.com/viewer?a=v&amp;pid=explorer&amp;chrome=true&amp;srcid=0B7VOXD6x875zN2QzNTkzMDgtODkwYS00OTMwLWI0MDMtZjM3OTU1Yzc4MGY3&amp;hl=pt_BR\">Documenta&ccedil;&atilde;o</a></div>\r\n<div>\r\n<div><br /> Per&iacute;odo: 6&ordm; Per&iacute;odo - 2010<br /> Disciplina: Microprocessadores II<br /> Orientadores: Professor MSc Afonso Ferreira Miguel&nbsp;<a href=\"http://lattes.cnpq.br/1825643278053200\"><img src=\"http://buscatextual.cnpq.br/buscatextual/images/curriculo/logolattes.gif\" alt=\"\" /></a>&nbsp;e Professor MSc. Ivan Chueiri&nbsp;<a href=\"http://lattes.cnpq.br/2137097581198643\"><img src=\"http://buscatextual.cnpq.br/buscatextual/images/curriculo/logolattes.gif\" alt=\"\" /></a><br /> Projeto: Projeto Radar<br />\r\n<div style=\"text-align: justify;\">Objetivo: O projeto radar tem como finalidade, detectar e processar a velocidade m&eacute;dia de um ve&iacute;culo. Tendo acoplado em seu conjunto, um sistema de detec&ccedil;&atilde;o por imagem do indiv&iacute;duo que ultrapassou um determinado limite de velocidade.</div>\r\n</div>\r\n<div>&nbsp;</div>\r\n<div><iframe style=\"display: block; margin-left: auto; margin-right: auto;\" src=\"http://www.youtube.com/embed/Mxc1zsxHnUA\" width=\"425\" height=\"350\"></iframe><br />\r\n<div align=\"center\">&nbsp;</div>\r\n<div>&nbsp;</div>\r\nLinks Relacionados: <a href=\"http://afonsomiguel.com/content/projeto-radar\">Projeto CLP</a>, <a href=\"http://www.youtube.com/watch?v=Mxc1zsxHnUA&amp;feature=player_embedded\">YouTube</a><br /> <br /> Per&iacute;odo: 5&ordm; Per&iacute;odo - 2010<br /> Disciplina: Microprocessadores I<br /> Orientadores: Professor Afonso MSc Ferreira Miguel&nbsp;<a href=\"http://lattes.cnpq.br/1825643278053200\"><img src=\"http://buscatextual.cnpq.br/buscatextual/images/curriculo/logolattes.gif\" alt=\"\" /></a>&nbsp;e Professor MSc. Ivan Chueiri&nbsp;<a href=\"http://lattes.cnpq.br/2137097581198643\"><img src=\"http://buscatextual.cnpq.br/buscatextual/images/curriculo/logolattes.gif\" alt=\"\" /></a><br /> Projeto: CLP - Controlador L&oacute;gico Program&aacute;vel<br />\r\n<div style=\"text-align: justify;\">Objetivo: Projeto consiste na cria&ccedil;&atilde;o de um Controlador Logico Program&aacute;vel, e para demonstrar sua aplica&ccedil;&atilde;o montamos um sem&aacute;foro inteligente.</div>\r\n<div style=\"text-align: justify;\">&nbsp;</div>\r\n<div style=\"text-align: justify;\"><iframe style=\"display: block; margin-left: auto; margin-right: auto;\" src=\"http://www.youtube.com/embed/vjjCCqC9zLQ\" width=\"425\" height=\"350\"></iframe></div>\r\n<div align=\"center\">&nbsp;</div>\r\nLinks Relacionados: <a href=\"http://afonsomiguel.com/content/clp-controlador-l%C3%B3gico-programavel\">Projeto CLP</a>, <a href=\"http://www.youtube.com/watch?v=vjjCCqC9zLQ&amp;feature=player_embedded\">YouTube</a><br /> <br /> Per&iacute;odo: 4&ordm; Per&iacute;odo - 2009<br /> Disciplina: Resolu&ccedil;&atilde;o de Problemas de Engenharia II<br /> Orientadores: Professor Afonso MSc Ferreira Miguel&nbsp;<a href=\"http://lattes.cnpq.br/1825643278053200\"><img src=\"http://buscatextual.cnpq.br/buscatextual/images/curriculo/logolattes.gif\" alt=\"\" /></a>&nbsp;e Professor Gil Marcos Jess&nbsp;<a href=\"http://lattes.cnpq.br/5847235914964874\" target=\"_blank\"><img src=\"http://buscatextual.cnpq.br/buscatextual/images/curriculo/logolattes.gif\" alt=\"\" /></a><br /> Projeto: Magleve<br />\r\n<div style=\"text-align: justify;\">Objetivo: O Projeto Mageleve consiste em um trem que se movimenta, utilizando elementos do magnetismo e eletromagnetismo, em um trilho feito de &iacute;m&atilde;s permanentes. Os &iacute;m&atilde;s fixos no trilho ser&atilde;o respons&aacute;veis pela levita&ccedil;&atilde;o do trem e as bobinas localizadas na parte superior da estrutura ser&atilde;o respons&aacute;veis pela movimenta&ccedil;&atilde;o do trem.</div>\r\n<div style=\"text-align: justify;\">&nbsp;</div>\r\n<div style=\"text-align: justify;\"><iframe style=\"display: block; margin-left: auto; margin-right: auto;\" src=\"http://www.youtube.com/embed/9hUPc-DeGbw\" width=\"425\" height=\"350\"></iframe></div>\r\n<div align=\"center\">&nbsp;</div>\r\nLinks Relacionados: <a href=\"http://afonsomiguel.com/content/projeto-magleve-0\">Projeto Magleve</a>, <a href=\"http://magleve.blogspot.com/\">Blog</a>, <a href=\"http://www.youtube.com/watch?v=9hUPc-DeGbw&amp;feature=player_embedded\">YouTube</a><br /> <br /> Per&iacute;odo: 3&ordm; Per&iacute;odo - 2009<br /> Disciplina: Resolu&ccedil;&atilde;o de Problemas de Engenharia I<br /> Orientadores: Professor Afonso Ferreira Miguel&nbsp;<a href=\"http://lattes.cnpq.br/1825643278053200\"><img src=\"http://buscatextual.cnpq.br/buscatextual/images/curriculo/logolattes.gif\" alt=\"\" /></a>&nbsp;e Professor Dr. Gil Marcos Jess&nbsp;<a href=\"http://lattes.cnpq.br/5847235914964874\" target=\"_blank\"><img src=\"http://buscatextual.cnpq.br/buscatextual/images/curriculo/logolattes.gif\" alt=\"\" /></a><br /> Projeto: Circuit Plotter<br />\r\n<div style=\"text-align: justify;\">Objetivo: O Circuit Plotter consiste em movimentar uma caneta previamente fixada em um atuador el&eacute;trico. O movimento da caneta ser&aacute; realizado nos eixos X, Y e Z, onde o atuador el&eacute;trico ter&aacute; movimento no eixo Z, e os fusos nos eixos X e Y controlados pelos motores de passo. A placa de fenolite onde o desenho ser&aacute; transcrito dever&aacute; ser apoiada em uma base fixa da estrutura do Plotter.</div>\r\n<div style=\"text-align: justify;\">&nbsp;</div>\r\n<div style=\"text-align: left;\" align=\"center\">&nbsp;<iframe style=\"display: block; margin-left: auto; margin-right: auto;\" src=\"http://www.youtube.com/embed/jImIQUgAnpo\" width=\"425\" height=\"350\"></iframe><br />\r\n<div align=\"justify\">Links Relacionados: <a href=\"http://afonsomiguel.com/content/circuit-plotter\">Projeto Plotter</a>, <a href=\"http://circuitplotter.blogspot.com/\">Blog</a>, <a href=\"http://www.youtube.com/watch?v=jImIQUgAnpo&amp;feature=player_embedded\">YouTube</a></div>\r\n<br /><hr /><br /> <strong><a href=\"http://www.blogger.com/blogger.g?blogID=9154668722829769211\" name=\"Provas Cient&iacute;ficas\">Provas Cient&iacute;ficas</a></strong><br /> <br /> Prova: 7&ordf; Olimpiada Brasileira de Astronomia<br /> Ano: 2004<br /> Links Relacionados: <a href=\"http://www.oba.org.br/site/index.php\">OBA</a><br /> Certificados: <a href=\"https://docs.google.com/viewer?a=v&amp;pid=explorer&amp;chrome=true&amp;srcid=0B7VOXD6x875zNmE4OWUwZjYtZWE1Ni00ODIxLWI4MTItZmExYWQ5N2M3OTQ5&amp;authkey=CK-L5ucJ&amp;hl=pt_BR\">Documento.pdf</a><br /> <br /> Prova: 6&ordf; Olimpiada Brasileira de Astronomia<br /> Ano: 2003<br /> Resultado: 103&ordm; Geral Nacional<br /> Links Relacionados: OBA Certificados: <a href=\"https://docs.google.com/viewer?a=v&amp;pid=explorer&amp;chrome=true&amp;srcid=0B7VOXD6x875zYWQ5MmIxZTgtZDRkMy00NDc0LTg5YTMtOThlYTk2ZGExMzNl&amp;authkey=CLnItw4&amp;hl=pt_BR\">Documento.pdf</a><br /> <br /> Prova: 5&ordf; Olimpiada Brasileira de Astronomia<br /> Ano: 2002<br /> Resultado: 98&ordm; Geral Nacional<br /> Links Relacionados: OBA<br /> Certificados: <a href=\"https://docs.google.com/viewer?a=v&amp;pid=explorer&amp;chrome=true&amp;srcid=0B7VOXD6x875zMzA2Y2M0YTQtNzk1OS00YWI5LTgzNmUtNmE2MGYwZGRhMjM1&amp;hl=pt_BR\">Documento.pdf</a><br /><hr /><br /> <strong><a href=\"http://www.blogger.com/blogger.g?blogID=9154668722829769211\" name=\"Reconhecimentos\">Reconhecimentos</a></strong><br /> <br /> Homenagem da Equipe Formare/Siemens pelo ingresso no Curso de Engenharia da Computa&ccedil;&atilde;o 2008.<br /> Certificados: <a href=\"https://docs.google.com/viewer?a=v&amp;pid=explorer&amp;chrome=true&amp;srcid=0B7VOXD6x875zNzIwOGY1MzUtNmZkYy00MmRhLThmMjUtZWExMDRlYmM0NThm&amp;hl=pt_BR\">Documento.pdf</a><br /> Ressalva: Agrade&ccedil;o a todos os EV\'s, coach e coordena&ccedil;&atilde;o que depositaram sua confian&ccedil;a e dedica&ccedil;&atilde;o no meu trabalho e esfor&ccedil;o em continuar a evoluir profissionalmente. Essa vit&oacute;ria &eacute; t&atilde;o de voc&ecirc;s quanto minha. Muito obrigado!</div>\r\n</div>\r\n<div style=\"text-align: left;\"><br /><hr /><br /> <strong><a href=\"http://www.blogger.com/blogger.g?blogID=9154668722829769211\" name=\"Reconhecimentos\">Projetos Comunit&aacute;rios</a></strong><br /> <br /> Tipo: Festa Final de Ano Natal<br /> Local: Comunidade carente&nbsp;Munic&iacute;pio&nbsp;de Arauc&aacute;ria<br /> Data: 2005, 2006 e 2007<br /> <br /> Tipo: Ingl&ecirc;s B&aacute;sico para crian&ccedil;as 5 a 10 anos.<br /> Local: Escola Municipal Dario Persiano de Castro Vellozo<br /> Data: Outubro/2006 a Dezembro/2006<br /> Certificado: <a href=\"https://docs.google.com/viewer?a=v&amp;pid=explorer&amp;chrome=true&amp;srcid=0B7VOXD6x875zMGE5MTVmODktZWU5NC00M2Q5LWIzYTctNDBjODY0YzlmMDhj&amp;authkey=CNzs3tMI&amp;hl=pt_BR\">Documento.pdf</a><br /> <br /> Tipo: Atividades de Lazer e Recreativas .<br /> Projeto: Disciplina Projeto Comunit&aacute;rio PUCPR<br /> Local: Escola Municipal Dario Persiano de Castro Vellozo<br /> Data: Fevereiro/2011 a Mar&ccedil;o/2011</div>\r\n</div>\r\n</div>\r\n</div>\r\n</div>',NULL,'2014-03-06 01:18:42','2014-03-06 01:31:35');
/*!40000 ALTER TABLE `contents` ENABLE KEYS */;
UNLOCK TABLES;
/*!40103 SET TIME_ZONE=@OLD_TIME_ZONE */;

/*!40101 SET SQL_MODE=@OLD_SQL_MODE */;
/*!40014 SET FOREIGN_KEY_CHECKS=@OLD_FOREIGN_KEY_CHECKS */;
/*!40014 SET UNIQUE_CHECKS=@OLD_UNIQUE_CHECKS */;
/*!40101 SET CHARACTER_SET_CLIENT=@OLD_CHARACTER_SET_CLIENT */;
/*!40101 SET CHARACTER_SET_RESULTS=@OLD_CHARACTER_SET_RESULTS */;
/*!40101 SET COLLATION_CONNECTION=@OLD_COLLATION_CONNECTION */;
/*!40111 SET SQL_NOTES=@OLD_SQL_NOTES */;

-- Dump completed on 2014-03-05 22:46:40
